Date,Item_ID,Real_gross_domestic_product,Gross_domestic_product,Consumer_price_index,Unemployment,Retail_trade,Industrial_production,Government_balance,Government_debt,Current_account_balance,Long_term_yield,House_price,Oilproduction
1/1/2002,1,7.9,14.6,1.2,5.7,1.4,-3.8,-4.8,55,-0.9,5,6.6,5848
1/2/2002,1,7.9,14.6,1.1,5.7,2,-3.1,-4.8,55,-0.9,4.9,6.5,5871
1/3/2002,1,7.9,14.6,1.4,5.7,2.7,-2.2,-4.8,55,-0.9,5.3,6.6,5883
1/4/2002,1,7.7,14.4,1.6,5.9,2.6,-1.4,-5.2,54.9,-1,5.2,6.6,5859
1/5/2002,1,7.7,14.4,1.2,5.8,0.9,-0.4,-5.2,54.9,-1,5.2,6.8,5924
1/6/2002,1,7.7,14.4,1.1,5.8,2.3,1,-5.2,54.9,-1,4.9,7,5915
1/7/2002,1,6.7,13.5,1.5,5.8,3.9,1.6,-5.4,56,-1.1,4.7,7,5770
1/8/2002,1,6.7,13.5,1.7,5.7,4.1,1.6,-5.4,56,-1.1,4.3,7.2,5811
1/9/2002,1,6.7,13.5,1.5,5.7,4.3,2.2,-5.4,56,-1.1,3.9,7.3,5411
1/10/2002,1,5.1,11.8,2,5.7,-2.3,2.3,-5.9,56.7,-1.1,3.9,7.4,5363
1/11/2002,1,5.1,11.8,2.3,5.9,1.2,3.4,-5.9,56.7,-1.1,4.1,7.7,5597
1/12/2002,1,5.1,11.8,2.5,6,3.7,2.9,-5.9,56.7,-1.1,4,7.8,5699
1/1/2003,2,5.3,11.8,2.8,5.8,4.3,3,-6.3,57.2,-1.2,4.1,7.8,5785
1/2/2003,2,5.3,11.8,3.1,5.9,2.1,3.2,-6.3,57.2,-1.2,3.9,7.9,5791
1/3/2003,2,5.3,11.8,3,5.9,4.2,2.1,-6.3,57.2,-1.2,3.8,7.6,5817
1/4/2003,2,4.3,10.4,2.2,6,2.2,0.9,-6.6,57.1,-1.2,4,7.6,5774
1/5/2003,2,4.3,10.4,1.9,6.1,3.8,0.5,-6.6,57.1,-1.2,3.6,7.5,5733
1/6/2003,2,4.3,10.4,1.9,6.3,4.1,-0.2,-6.6,57.1,-1.2,3.3,7.3,5701
1/7/2003,2,6,12.1,2.1,6.2,4,0.3,-7,58.4,-1.1,4,7.4,5526
1/8/2003,2,6,12.1,2.2,6.1,4.9,0.2,-7,58.4,-1.1,4.4,7.5,5595
1/9/2003,2,6,12.1,2.4,6.1,6.1,0.8,-7,58.4,-1.1,4.3,7.8,5683
1/10/2003,2,6.6,12.7,2,6,4.9,1.2,-6.1,58.4,-1.1,4.3,7.6,5635
1/11/2003,2,6.6,12.7,1.9,5.8,5.6,1.3,-6.1,58.4,-1.1,4.3,7.8,5560
1/12/2003,2,6.6,12.7,2,5.7,4.4,1.9,-6.1,58.4,-1.1,4.3,8,5579
1/1/2004,3,7.5,13.8,2,5.7,4.4,1.3,-6.3,58.8,-1.2,4.2,8,5570
1/2/2004,3,7.5,13.8,1.7,5.6,6.7,1.8,-6.3,58.8,-1.2,4.1,8.1,5556
1/3/2004,3,7.5,13.8,1.7,5.8,6.9,1.7,-6.3,58.8,-1.2,3.8,8.6,5607
1/4/2004,3,7.7,14.3,2.3,5.6,5.9,2.7,-6,58.9,-1.3,4.3,8.8,5526
1/5/2004,3,7.7,14.3,2.9,5.6,7.8,3.5,-6,58.9,-1.3,4.7,9.2,5548
1/6/2004,3,7.7,14.3,3.2,5.6,5.1,2.6,-6,58.9,-1.3,4.7,9.8,5398
1/7/2004,3,9.1,16.1,2.9,5.5,5.1,2.8,-5.7,59.5,-1.3,4.5,9.9,5458
1/8/2004,3,9.1,16.1,2.5,5.4,3.6,3.1,-5.7,59.5,-1.3,4.3,9.9,5333
1/9/2004,3,9.1,16.1,2.5,5.4,6,2.6,-5.7,59.5,-1.3,4.1,9.9,5062
1/10/2004,3,9.9,17.5,3.2,5.5,7.4,3.3,-5.4,59.3,-1.5,4.1,10.1,5156
1/11/2004,3,9.9,17.5,3.6,5.4,6.4,2.9,-5.4,59.3,-1.5,4.2,10.2,5396
1/12/2004,3,9.9,17.5,3.3,5.4,8,3.6,-5.4,59.3,-1.5,4.2,10.2,5413
1/1/2005,4,10.2,18.3,2.8,5.3,6.4,3.8,-4.6,59.8,-1.3,4.2,10.3,5441
1/2/2005,4,10.2,18.3,3.1,5.4,7,3.9,-4.6,59.8,-1.3,4.2,10.3,5494
1/3/2005,4,10.2,18.3,3.2,5.2,5.3,4.2,-4.6,59.8,-1.3,4.5,10.6,5601
1/4/2005,4,10.1,18.5,3.4,5.2,7.4,4,-4.5,60.1,-1.4,4.3,10.7,5556
1/5/2005,4,10.1,18.5,2.9,5.1,4.7,3.4,-4.5,60.1,-1.4,4.1,10.5,5581
1/6/2005,4,10.1,18.5,2.5,5,9.5,4.6,-4.5,60.1,-1.4,4,10.3,5460
1/7/2005,4,10.5,19.6,3.1,5,9.1,3.5,-4.8,60,-1.4,4.2,10.6,5240
1/8/2005,4,10.5,19.6,3.6,4.9,7.7,3.8,-4.8,60,-1.4,4.3,10.5,5218
1/9/2005,4,10.5,19.6,4.7,5,6,1.7,-4.8,60,-1.4,4.2,10.7,4204
1/10/2005,4,11,20.4,4.4,5,5.2,2,-4.2,60.2,-1.6,4.5,10.5,4534
1/11/2005,4,11,20.4,3.3,5,5.8,2.9,-4.2,60.2,-1.6,4.5,10.2,4837
1/12/2005,4,11,20.4,3.3,4.9,4.6,2.6,-4.2,60.2,-1.6,4.5,9.9,4984
1/1/2006,5,11.9,21.6,4,4.7,8.6,2.4,-3.6,60.2,-1.5,4.4,9.8,5048
1/2/2006,5,11.9,21.6,3.6,4.8,6.5,1.7,-3.6,60.2,-1.5,4.6,9.2,5032
1/3/2006,5,11.9,21.6,3.4,4.7,6.5,2.1,-3.6,60.2,-1.5,4.7,8.6,5027
1/4/2006,5,11.2,21.5,3.6,4.7,6.2,2.2,-3.5,60.8,-1.5,5,7.8,5082
1/5/2006,5,11.2,21.5,4,4.6,6.6,2.1,-3.5,60.8,-1.5,5.1,7.2,5151
1/6/2006,5,11.2,21.5,4.2,4.6,3.9,2,-3.5,60.8,-1.5,5.1,6.3,5163
1/7/2006,5,9.6,19.9,4.1,4.7,3.4,2.2,-3.5,60.9,-1.6,5.1,5.1,5094
1/8/2006,5,9.6,19.9,3.9,4.7,4.9,2.3,-3.5,60.9,-1.6,4.9,4.7,5040
1/9/2006,5,9.6,19.9,2,4.5,4,4.1,-3.5,60.9,-1.6,4.7,3.7,5031
1/10/2006,5,9.2,19.3,1.4,4.4,3.9,2.7,-3.2,61.2,-1.4,4.7,3.2,5108
1/11/2006,5,9.2,19.3,2,4.5,3.2,1.6,-3.2,61.2,-1.4,4.6,2.9,5064
1/12/2006,5,9.2,19.3,2.5,4.4,4.3,2.1,-3.2,61.2,-1.4,4.6,2.3,5186
1/1/2007,6,8.9,19.2,2.1,4.6,1.5,1.5,-3.7,61.3,-1.4,4.8,2,5108
1/2/2007,6,8.9,19.2,2.4,4.5,2.4,2.5,-3.7,61.3,-1.4,4.7,1.8,5118
1/3/2007,6,8.9,19.2,2.8,4.4,3,2.4,-3.7,61.3,-1.4,4.6,1.9,5119
1/4/2007,6,8.8,18.8,2.6,4.5,2.2,2.8,-3.7,61.5,-1.4,4.7,1.7,5180
1/5/2007,6,8.8,18.8,2.7,4.4,3.9,2.9,-3.7,61.5,-1.4,4.8,0.9,5211
1/6/2007,6,8.8,18.8,2.7,4.6,2.4,2.6,-3.7,61.5,-1.4,5.1,0.5,5075
1/7/2007,6,8.4,18.1,2.3,4.7,2.5,2.6,-4.3,61.5,-1.2,5,0.1,5038
1/8/2007,6,8.4,18.1,1.9,4.6,2.7,2.3,-4.3,61.5,-1.2,4.7,-0.6,4970
1/9/2007,6,8.4,18.1,2.8,4.7,3.8,2.8,-4.3,61.5,-1.2,4.5,-1,4902
1/10/2007,6,8,17.2,3.6,4.7,4.6,2.6,-4.6,61.8,-1.1,4.5,-1.9,5022
1/11/2007,6,8,17.2,4.4,4.7,5.5,3.3,-4.6,61.8,-1.1,4.2,-2.9,5034
1/12/2007,6,8,17.2,4.1,5,2.9,2.2,-4.6,61.8,-1.1,4.1,-3.4,5111
1/1/2008,7,6.3,14.8,4.3,5,3.1,2.5,-5.2,63.1,-1.3,3.7,-4.5,5115
1/2/2008,7,6.3,14.8,4.1,4.9,2,1.1,-5.2,63.1,-1.3,3.7,-5.2,5148
1/3/2008,7,6.3,14.8,4,5.1,1.4,0.5,-5.2,63.1,-1.3,3.5,-6.4,5189
1/4/2008,7,6.4,14.7,3.9,5,1.6,-0.8,-7.6,63.3,-1.2,3.7,-7.4,5180
1/5/2008,7,6.4,14.7,4.1,5.4,1.1,-1.5,-7.6,63.3,-1.2,3.9,-8,5143
1/6/2008,7,6.4,14.7,4.9,5.6,2.2,-1.7,-7.6,63.3,-1.2,4.1,-8.2,5138
1/7/2008,7,5,12.9,5.5,5.8,1.3,-2,-7.3,64.6,-1.2,4,-8.6,5177
1/8/2008,7,5,12.9,5.3,6.1,0,-3.8,-7.3,64.6,-1.2,3.9,-9.2,5003
1/9/2008,7,5,12.9,5,6.1,-2.1,-8.2,-7.3,64.6,-1.2,3.7,-9.6,3974
1/10/2008,7,2.2,9.2,3.7,6.5,-6.7,-7,-9.9,72.6,-1.1,3.8,-9.6,4738
1/11/2008,7,2.2,9.2,1.1,6.8,-11.7,-8.8,-9.9,72.6,-1.1,3.5,-10.6,5078
1/12/2008,7,2.2,9.2,0,7.3,-12.5,-11.3,-9.9,72.6,-1.1,2.4,-10.4,5103
1/1/2009,8,-0.4,5.8,-0.1,7.8,-11.5,-13.4,-12.7,73.9,-0.7,2.5,-8.9,5138
1/2/2009,8,-0.4,5.8,0,8.3,-11,-13.6,-12.7,73.9,-0.7,2.9,-8.2,5236
1/3/2009,8,-0.4,5.8,-0.5,8.7,-12.8,-14.6,-12.7,73.9,-0.7,2.8,-8.5,5210
1/4/2009,8,-0.8,4.4,-0.6,9,-12.3,-14.8,-13.9,78.3,-0.6,2.9,-8.1,5278
1/5/2009,8,-0.8,4.4,-1,9.4,-12.3,-15.1,-13.9,78.3,-0.6,3.3,-7.1,5374
1/6/2009,8,-0.8,4.4,-1.2,9.5,-10.7,-15.2,-13.9,78.3,-0.6,3.7,-6.5,5263
1/7/2009,8,-0.6,4,-2,9.5,-10.1,-13.9,-13.4,80.9,-0.6,3.6,-6,5389
1/8/2009,8,-0.6,4,-1.5,9.6,-7.5,-11.5,-13.4,80.9,-0.6,3.6,-5.1,5406
1/9/2009,8,-0.6,4,-1.4,9.8,-8.3,-6.7,-13.4,80.9,-0.6,3.4,-4.4,5555
1/10/2009,8,-0.3,4.2,-0.2,10,-3.4,-7.4,-13,81.3,-0.7,3.4,-3.4,5515
1/11/2009,8,-0.3,4.2,1.9,9.9,1.8,-5.8,-13,81.3,-0.7,3.4,-1.3,5378
1/12/2009,8,-0.3,4.2,2.8,9.9,4.9,-2.7,-13,81.3,-0.7,3.6,-2,5438
1/1/2010,9,-0.1,3.6,2.6,9.8,3.2,0.8,-13.2,83.4,-0.7,3.7,-2.8,5390
1/2/2010,9,-0.1,3.6,2.2,9.8,3.7,1.8,-13.2,83.4,-0.7,3.7,-3.3,5548
1/3/2010,9,-0.1,3.6,2.3,9.9,8.1,4.2,-13.2,83.4,-0.7,3.7,-2.3,5506
1/4/2010,9,0.2,3.8,2.2,9.9,8.6,5.4,-13.2,86.8,-0.7,3.8,-1.5,5383
1/5/2010,9,0.2,3.8,2,9.6,6.4,7.9,-13.2,86.8,-0.7,3.4,-1.4,5391
1/6/2010,9,0.2,3.8,1.1,9.4,4.2,8.5,-13.2,86.8,-0.7,3.2,-2.4,5381
1/7/2010,9,0.3,3.7,1.3,9.4,4.3,7.7,-12.1,87.8,-0.8,3,-2.7,5299
1/8/2010,9,0.3,3.7,1.2,9.5,2.6,6.9,-12.1,87.8,-0.8,2.7,-2.7,5442
1/9/2010,9,0.3,3.7,1.1,9.5,6.4,6.3,-12.1,87.8,-0.8,2.7,-3.5,5611
1/10/2010,9,0.3,3.8,1.2,9.4,6.6,5.8,-11.7,89.7,-0.7,2.5,-3.5,5621
1/11/2010,9,0.3,3.8,1.1,9.8,6.8,5.4,-11.7,89.7,-0.7,2.8,-4.1,5567
1/12/2010,9,0.3,3.8,1.4,9.3,6.9,6.1,-11.7,89.7,-0.7,3.3,-3.9,5602
1/1/2011,10,0.4,4.3,1.7,9.1,7.8,4.7,-11.3,92.4,-0.8,3.4,-4.5,5492
1/2/2011,10,0.4,4.3,2.1,9,8.5,3.9,-11.3,92.4,-0.8,3.6,-4.9,5399
1/3/2011,10,0.4,4.3,2.6,9,7,4.3,-11.3,92.4,-0.8,3.4,-5.9,5612
1/4/2011,10,0.5,4.7,3.1,9.1,6.6,3.5,-11.4,92.2,-0.8,3.5,-5.8,5552
1/5/2011,10,0.5,4.7,3.5,9,7.5,2.3,-11.4,92.2,-0.8,3.2,-6,5613
1/6/2011,10,0.5,4.7,3.5,9.1,8.5,2.3,-11.4,92.2,-0.8,3,-4.8,5578
1/7/2011,10,1,5.1,3.6,9,8.1,2.4,-11,92,-0.7,3,-4,5430
1/8/2011,10,1,5.1,3.8,9,7.9,2.7,-11,92,-0.7,2.3,-4.2,5651
1/9/2011,10,1,5.1,3.8,9,8,2.4,-11,92,-0.7,2,-2.7,5583
1/10/2011,10,4.4,8.5,3.5,8.8,7.4,3.4,-10.8,94.9,-0.7,2.2,-3.3,5886
1/11/2011,10,4.4,8.5,3.5,8.6,6.6,3.3,-10.8,94.9,-0.7,2,-2.6,6001
1/12/2011,10,4.4,8.5,3.1,8.5,6.1,2.8,-10.8,94.9,-0.7,2,-1.6,6032
1/1/2012,11,6.5,11.3,3,8.3,6.2,3.7,-9.8,95.9,-0.7,2,-1.4,6161
1/2/2012,11,6.5,11.3,2.9,8.3,6.8,4.4,-9.8,95.9,-0.7,2,-0.3,6245
1/3/2012,11,6.5,11.3,2.6,8.2,6.1,2.8,-9.8,95.9,-0.7,2.2,1.7,6301
1/4/2012,11,7.2,12.5,2.3,8.2,5.1,3.9,-9.4,97.2,-0.7,2,2,6296
1/5/2012,11,7.2,12.5,1.7,8.2,5,4,-9.4,97.2,-0.7,1.8,2.8,6351
1/6/2012,11,7.2,12.5,1.7,8.2,3,3.7,-9.4,97.2,-0.7,1.6,2.9,6269
1/7/2012,11,7,12.7,1.4,8.2,3.7,3.4,-9.3,98,-0.6,1.5,3,6421
1/8/2012,11,7,12.7,1.7,8.1,4.8,2.3,-9.3,98,-0.6,1.7,4,6329
1/9/2012,11,7,12.7,1.9,7.8,4.5,2.3,-9.3,98,-0.6,1.7,3.8,6563
1/10/2012,11,6,11.8,2.2,7.8,4,1.9,-8.7,99.4,-0.6,1.8,4.8,6946
1/11/2012,11,6,11.8,1.8,7.7,3.9,2.3,-8.7,99.4,-0.6,1.6,4.9,7037
1/12/2012,11,6,11.8,1.8,7.9,4.2,2.1,-8.7,99.4,-0.6,1.7,5,7088
1/1/2013,12,6.4,12.6,1.7,8,4.1,1.4,-6.9,99.2,-0.6,1.9,6.2,7025
1/2/2013,12,6.4,12.6,2,7.7,4.2,1.6,-6.9,99.2,-0.6,2,6.7,7144
1/3/2013,12,6.4,12.6,1.5,7.5,2.9,2.6,-6.9,99.2,-0.6,2,6.8,7208
1/4/2013,12,5.5,11.5,1.1,7.6,2.9,1.7,-5.2,101,-0.6,1.8,6.8,7355
1/5/2013,12,5.5,11.5,1.4,7.5,3.8,1.6,-5.2,101,-0.6,1.9,7,7316
1/6/2013,12,5.5,11.5,1.7,7.5,5.4,1.8,-5.2,101,-0.6,2.3,7.2,7268
1/7/2013,12,5.5,11.7,1.9,7.3,5.5,1.2,-6.4,99.3,-0.5,2.6,7.6,7483
1/8/2013,12,5.5,11.7,1.5,7.2,3.9,2.2,-6.4,99.3,-0.5,2.7,7.2,7531
1/9/2013,12,5.5,11.7,1.1,7.2,3.1,2.9,-6.4,99.3,-0.5,2.8,7.3,7784
1/10/2013,12,5.7,12.1,0.9,7.2,3.2,2.4,-5.2,100,-0.4,2.6,7.1,7699
1/11/2013,12,5.7,12.1,1.2,6.9,3.1,2.2,-5.2,100,-0.4,2.7,6.7,7873
1/12/2013,12,5.7,12.1,1.5,6.7,3.3,2.2,-5.2,100,-0.4,2.9,6.7,7899
1/1/2014,13,5.6,11.9,1.6,6.6,1.6,1.8,-5.2,101,-0.5,2.9,6.4,8051
1/2/2014,13,5.6,11.9,1.1,6.7,1.6,2.1,-5.2,101,-0.5,2.7,6.2,8136
1/3/2014,13,5.6,11.9,1.6,6.7,3.6,2.7,-5.2,101,-0.5,2.7,5.4,8274
1/4/2014,13,6.2,12.5,2,6.2,5.2,2.8,-5.1,100,-0.5,2.7,5.3,8573
1/5/2014,13,6.2,12.5,2.2,6.3,4.7,3.2,-5.1,100,-0.5,2.6,4.6,8612
1/6/2014,13,6.2,12.5,2.1,6.1,4.6,3.4,-5.1,100,-0.5,2.6,4.5,8718
1/7/2014,13,7.5,13.7,2,6.2,4,4,-5.4,99.8,-0.5,2.5,4.4,8782
1/8/2014,13,7.5,13.7,1.7,6.1,5,3.2,-5.4,99.8,-0.5,2.4,4.5,8886
1/9/2014,13,7.5,13.7,1.7,5.9,4.6,2.9,-5.4,99.8,-0.5,2.5,4,9041
1/10/2014,13,6.8,13,1.6,5.7,4.6,3.1,-5.4,100,-0.6,2.3,4.3,9221
1/11/2014,13,6.8,13,1.2,5.8,4.7,3.4,-5.4,100,-0.6,2.3,4.8,9303
1/12/2014,13,6.8,13,0.7,5.6,3.1,3.2,-5.4,100,-0.6,2.2,4.9,9467
1/1/2015,14,6.8,12.3,-0.2,5.7,3.3,2.8,-5,101,-0.6,1.9,4.5,9385
1/2/2015,14,6.8,12.3,-0.1,5.5,1.7,1.4,-5,101,-0.6,2,4.9,9511
1/3/2015,14,6.8,12.3,0,5.4,2.3,0.1,-5,101,-0.6,2,4.9,9578
1/4/2015,14,6.9,12.8,-0.1,5.4,1.3,-0.6,-4.2,99.6,-0.6,1.9,4.9,9650
1/5/2015,14,6.9,12.8,0,5.6,1.9,-1.4,-4.2,99.6,-0.6,2.2,5.3,9464
1/6/2015,14,6.9,12.8,0.2,5.3,1.8,-2.1,-4.2,99.6,-0.6,2.4,5.2,9344
1/7/2015,14,7.1,12.9,0.2,5.2,2.5,-1.7,-5.1,98.9,-0.6,2.3,5.3,9430
1/8/2015,14,7.1,12.9,0.2,5.1,1.7,-1.7,-5.1,98.9,-0.6,2.2,5.1,9400
1/9/2015,14,7.1,12.9,0,5,1.7,-2.3,-5.1,98.9,-0.6,2.2,5.5,9460
1/10/2015,14,7.1,12.3,0.1,5,1,-2.7,-4.3,98.8,-0.6,2.1,5.6,9388
1/11/2015,14,7.1,12.3,0.4,5.1,1.2,-4.1,-4.3,98.8,-0.6,2.3,5.5,9318
1/12/2015,14,7.1,12.3,0.6,5,2.3,-4.6,-4.3,98.8,-0.6,2.2,5.3,9251
1/1/2016,15,6.8,11.5,1.2,4.8,2.3,-3.3,-5.4,103,-0.6,2.1,5.7,9197
1/2/2016,15,6.8,11.5,0.8,4.9,3.4,-3.2,-5.4,103,-0.6,1.8,5,9055
1/3/2016,15,6.8,11.5,0.9,5,1.5,-3.6,-5.4,103,-0.6,1.9,5.4,9081
1/4/2016,15,7,12.1,1.2,5.1,1.7,-2.8,-5.3,103,-0.5,1.8,5.6,8866
1/5/2016,15,7,12.1,1.1,4.8,1.4,-2.5,-5.3,103,-0.5,1.8,5.4,8824
1/6/2016,15,7,12.1,1.1,4.9,2.5,-1.8,-5.3,103,-0.5,1.6,5.6,8670
1/7/2016,15,6.8,11.4,0.9,4.8,1.4,-2.2,-5.5,103,-0.5,1.5,5.7,8635
1/8/2016,15,6.8,11.4,1.1,4.9,1.5,-2.1,-5.5,103,-0.5,1.6,5.9,8670
1/9/2016,15,6.8,11.4,1.5,5,2.6,-2,-5.5,103,-0.5,1.6,6,8519
1/10/2016,15,6.6,11,1.7,4.9,3.3,-1.4,-5.5,104,-0.5,1.8,5.9,8787
1/11/2016,15,6.6,11,1.7,4.7,2.5,-1.1,-5.5,104,-0.5,2.1,5.9,8888
1/12/2016,15,6.6,11,2.1,4.7,4,0.1,-5.5,104,-0.5,2.5,6.1,8778
1/1/2017,16,7.4,12,2.5,4.7,5.4,-0.7,-5.6,104,-0.5,2.4,5.7,8863
1/2/2017,16,7.4,12,2.8,4.6,4.5,-0.5,-5.6,104,-0.5,2.4,6.2,9103
1/3/2017,16,7.4,12,2.4,4.4,4.5,0.9,-5.6,104,-0.5,2.5,6,9162
1/4/2017,16,6.6,10.8,2.2,4.4,4.7,1.6,-5.8,103,-0.6,2.3,6.3,9100
1/5/2017,16,6.6,10.8,1.9,4.4,3.6,2,-5.8,103,-0.6,2.3,6.4,9183
1/6/2017,16,6.6,10.8,1.6,4.3,2.9,1.7,-5.8,103,-0.6,2.2,6.2,9110
1/7/2017,16,6.2,10.4,1.7,4.3,3.2,1.3,-5.7,101,-0.4,2.3,6.2,9246
1/8/2017,16,6.2,10.4,1.9,4.4,3.3,1,-5.7,101,-0.4,2.2,6.4,9245
1/9/2017,16,6.2,10.4,2.2,4.3,4.9,1.2,-5.7,101,-0.4,2.2,6.3,9516
1/10/2017,16,6.8,11.5,2,4.2,4.8,2.4,-0.7,103,-0.5,2.4,6.2,9659
1/11/2017,16,6.8,11.5,2.2,4.2,6.2,3,-0.7,103,-0.5,2.3,6.4,10077
1/12/2017,16,6.8,11.5,2.1,4.1,5.1,2.5,-0.7,103,-0.5,2.4,6.1,9979
1/1/2018,17,6.7,12.1,2.1,4,3.8,2.6,-5.9,102,-0.5,2.6,6.9,9996
1/2/2018,17,6.7,12.1,2.2,4.1,4.5,3.3,-5.9,102,-0.5,2.9,7.1,10276
1/3/2018,17,6.7,12.1,2.3,4,4.4,3.2,-5.9,102,-0.5,2.8,6.8,10461
1/4/2018,17,6.8,12.4,2.4,4,4.4,3.4,-6.2,103,-0.5,2.9,6.3,10493
1/5/2018,17,6.8,12.4,2.8,3.8,6.2,2.3,-6.2,103,-0.5,3,6.3,10424
1/6/2018,17,6.8,12.4,2.8,4,5.1,2.9,-6.2,103,-0.5,2.9,6.4,10628
1/7/2018,17,7.2,12.8,2.9,3.8,5.7,3.3,-6,103,-0.6,2.9,6.2,10888
1/8/2018,17,7.2,12.8,2.7,3.8,5.5,4.5,-6,103,-0.6,2.9,6.1,11373
1/9/2018,17,7.2,12.8,2.4,3.7,3,4.4,-6,103,-0.6,3,5.8,11422
1/10/2018,17,7.3,13.3,2.5,3.8,4.1,3,-6.3,104,-0.6,3.2,5.7,11488
1/11/2018,17,7.3,13.3,2.2,3.8,3.4,2.7,-6.3,104,-0.6,3.1,5.7,11868
1/12/2018,17,7.3,13.3,1.9,3.9,0.6,2.4,-6.3,104,-0.6,2.8,5.5,11924
1/1/2019,18,7.2,13.8,1.5,4,1.9,1.9,-6.7,105,-0.6,2.7,5.3,11848
1/2/2019,18,7.2,13.8,1.5,3.8,1.4,1.1,-6.7,105,-0.6,2.7,4.7,11653
1/3/2019,18,7.2,13.8,1.9,3.8,3.2,0.6,-6.7,105,-0.6,2.6,4.8,11899
1/4/2019,18,7.6,14,2,3.6,2.8,-1,-6.4,104,-0.6,2.5,5.1,12125
1/5/2019,18,7.6,14,1.8,3.7,2.1,0.1,-6.4,104,-0.6,2.4,5.1,12141
1/6/2019,18,7.6,14,1.7,3.6,2.6,-0.6,-6.4,104,-0.6,2.1,5,12179
1/7/2019,18,7.9,14.7,1.8,3.7,3,-1.2,-6.8,102,-0.5,2.1,5,11896
1/8/2019,18,7.9,14.7,1.8,3.7,3.7,-1.2,-6.8,102,-0.5,1.6,4.8,12475
1/9/2019,18,7.9,14.7,1.7,3.5,2.9,-1.5,-6.8,102,-0.5,1.7,5.2,12572
1/10/2019,18,7.9,14.4,1.8,3.6,2.1,-2.2,-6.8,106,-0.5,1.7,5.4,12771
1/11/2019,18,7.9,14.4,2,3.6,2.3,-1.8,-6.8,106,-0.5,1.8,5.3,12966
1/12/2019,18,7.9,14.4,2.3,3.6,5,-2,-6.8,106,-0.5,1.9,5.9,12910
1/1/2020,19,6.2,12.4,2.5,3.5,3.7,-1.9,-6.9,108,-0.5,1.8,6,12852
1/2/2020,19,6.2,12.4,2.3,3.5,3.9,-1.1,-6.9,108,-0.5,1.5,6.4,12842
1/3/2020,19,6.2,12.4,1.5,4.4,-3.3,-4.9,-6.9,108,-0.5,0.9,6.3,12797
1/4/2020,19,-3.3,1.6,0.4,14.7,-15.9,-17,-26.2,127,-0.7,0.7,6,11914
1/5/2020,19,-3.3,1.6,0.2,13.2,-1.5,-15.8,-26.2,127,-0.7,0.7,5.2,9713
1/6/2020,19,-3.3,1.6,0.7,11,5.2,-10.6,-26.2,127,-0.7,0.7,6,10442
1/7/2020,19,3.4,9.2,1,10.2,6.1,-6.8,-17.2,124,-0.8,0.6,7,11006
1/8/2020,19,3.4,9.2,1.3,8.4,5.8,-6.6,-17.2,124,-0.8,0.7,8.4,10577
1/9/2020,19,3.4,9.2,1.4,7.9,9,-6.3,-17.2,124,-0.8,0.7,9.5,10921
1/10/2020,19,3.4,9.1,1.2,6.9,8.2,-4.9,-10.3,125,-0.9,0.8,10.6,10457
1/11/2020,19,3.4,9.1,1.1,6.7,6.8,-4.9,-10.3,125,-0.9,0.9,11.2,11196
1/12/2020,19,3.4,9.1,1.3,6.7,6.5,-3.6,-10.3,125,-0.9,0.9,11.8,11168
1/1/2021,20,4.2,10.7,1.4,6.3,12.5,-2,-20.5,125,-0.9,1.1,12.3,11124
1/2/2021,20,4.2,10.7,1.7,6.2,10,-5.4,-20.5,125,-0.9,1.3,12.6,9925
1/3/2021,20,4.2,10.7,2.7,6.1,29.1,1,-20.5,125,-0.9,1.6,14.2,11326
1/4/2021,20,5.3,12.6,4.2,6.1,47.9,16.6,-11.9,122,-0.9,1.6,15.8,11305
1/5/2021,20,5.3,12.6,4.9,5.8,24.5,15.6,-11.9,122,-0.9,1.6,18.2,11356
1/6/2021,20,5.3,12.6,5.3,5.9,17.1,9.2,-11.9,122,-0.9,1.5,19,11356
1/7/2021,20,5.2,13.8,5.3,5.4,12.6,5.9,-9.8,121,-1,1.3,19.3,11347
1/8/2021,20,5.2,13.8,5.2,5.2,13.5,4.9,-9.8,121,-1,1.3,18.6,11277
1/9/2021,20,5.2,13.8,5.4,4.8,12.3,3.9,-9.8,121,-1,1.4,17.9,10918
1/10/2021,20,6.8,17,6.2,4.5,14.5,4.7,-6.7,119,-0.9,1.6,17.6,11569
1/11/2021,20,6.8,17,6.8,4.2,16.5,5,-6.7,119,-0.9,1.6,17.8,11790
1/12/2021,20,6.8,17,7.1,3.9,14.5,3.7,-6.7,119,-0.9,1.5,17.9,11634
1/1/2022,21,5.8,17.7,7.5,4,12.2,2.9,-2.7,121,-1.1,1.8,18.4,11369
1/2/2022,21,5.8,17.7,7.9,3.8,15.5,6.9,-2.7,121,-1.1,1.9,19.3,11316
1/3/2022,21,5.8,17.7,8.6,3.6,5.2,4.8,-2.7,121,-1.1,2.1,19,11701
1/4/2022,21,4.9,18.7,8.2,3.6,6.2,5.3,-3.7,120,-1,2.8,18.9,11668
1/5/2022,21,4.9,18.7,8.5,3.6,7.5,4.4,-3.7,120,-1,2.9,18.3,11629
1/6/2022,21,4.9,18.7,9,3.6,8.2,3.7,-3.7,120,-1,3.1,16.3,11797
1/7/2022,21,4.8,19.5,8.5,3.5,10,3.6,-4.7,119,-0.9,2.9,13.9,11844
1/8/2022,21,4.8,19.5,8.2,3.7,9.3,3.6,-4.7,119,-0.9,2.9,12.1,12002
1/9/2022,21,4.8,19.5,8.2,3.5,7.8,5,-4.7,119,-0.9,3.5,11.1,12312
1/10/2022,21,4.8,19.5,7.8,3.7,7.2,3.4,-4.7,119,-0.9,4,9.8,12381
1/11/2022,21,4.8,19.5,7.8,3.7,7.2,3.4,-4.7,119,-0.9,4,9.8,
1/12/2022,21,4.8,19.5,7.8,3.7,7.2,3.4,-4.7,119,-0.9,4,9.8,
1/1/2023,21,4.8,19.5,7.8,3.7,7.2,3.4,-4.7,119,-0.9,4,9.8,
